07:09,0
07:19,2
07:29,1
07:39,6
07:49,5
07:59,1
08:09,3
08:19,1
08:29,9
08:39,3
08:49,4
08:59,3
09:09,5
09:19,3
09:29,6
09:39,3
09:49,9
09:59,2
10:09,9
10:19,2
10:29,11
10:39,14
10:49,6
10:59,15
11:09,10
11:19,22
11:29,16
11:39,18
11:49,17
11:59,12
12:09,15
12:19,16
12:29,23
12:39,21
12:49,22
12:59,32
13:09,24
13:19,18
13:29,15
13:39,15
13:49,17
13:59,16
14:09,13
14:19,18
14:29,11
14:39,10
14:49,18
14:59,23
15:09,14
15:19,12
15:29,11
15:39,8
15:49,8
15:59,5
16:09,10
16:19,11
16:29,10
16:39,15
16:49,4
16:59,9
17:09,9
17:19,23
17:29,10
17:39,9
17:49,17
17:59,13
18:09,15
18:19,13
18:29,22
18:39,22
18:49,19
18:59,22
19:09,19
19:19,24
19:29,13
19:39,14
19:49,21
19:59,20
20:09,19
20:19,10
20:29,11
20:39,7
20:49,10
20:59,9
21:09,4
21:19,3
21:29,3
21:39,2
21:49,1
21:59,3
07:09,0
07:19,0
07:29,3
07:39,1
07:49,1
07:59,2
08:09,1
08:19,9
08:29,10
08:39,4
08:49,4
08:59,10
09:09,1
09:19,6
09:29,5
09:39,1
09:49,9
09:59,8
10:09,4
10:19,5
10:29,3
10:39,5
10:49,7
10:59,7
11:09,13
11:19,13
11:29,10
11:39,26
11:49,18
11:59,26
12:09,17
12:19,26
12:29,21
12:39,24
12:49,20
12:59,26
13:09,21
13:19,16
13:29,16
13:39,16
13:49,20
13:59,14
14:09,12
14:19,19
14:29,12
14:39,11
14:49,12
14:59,13
15:09,14
15:19,6
15:29,10
15:39,6
15:49,12
15:59,13
16:09,9
16:19,9
16:29,2
16:39,13
16:49,15
16:59,7
17:09,11
17:19,19
17:29,17
17:39,14
17:49,15
17:59,12
18:09,26
18:19,18
18:29,17
18:39,16
18:49,15
18:59,19
19:09,16
19:19,20
19:29,18
19:39,28
19:49,21
19:59,29
20:09,16
20:19,10
20:29,9
20:39,8
20:49,9
20:59,8
21:09,7
21:19,4
21:29,3
21:39,0
21:49,4
21:59,3
07:09,0
07:19,1
07:29,2
07:39,1
07:49,2
07:59,2
08:09,3
08:19,4
08:29,8
08:39,4
08:49,3
08:59,2
09:09,7
09:19,9
09:29,5
09:39,4
09:49,7
09:59,6
10:09,8
10:19,6
10:29,5
10:39,11
10:49,4
10:59,6
11:09,7
11:19,19
11:29,15
11:39,19
11:49,18
11:59,22
12:09,15
12:19,22
12:29,19
12:39,19
12:49,22
12:59,13
13:09,18
13:19,17
13:29,21
13:39,13
13:49,18
13:59,16
14:09,17
14:19,22
14:29,14
14:39,17
14:49,19
14:59,18
15:09,11
15:19,8
15:29,3
15:39,12
15:49,10
15:59,12
16:09,11
16:19,6
16:29,6
16:39,8
16:49,8
16:59,7
17:09,6
17:19,17
17:29,19
17:39,21
17:49,9
17:59,12
18:09,22
18:19,28
18:29,16
18:39,20
18:49,27
18:59,14
19:09,21
19:19,17
19:29,10
19:39,21
19:49,21
19:59,17
20:09,17
20:19,18
20:29,11
20:39,10
20:49,15
20:59,5
21:09,7
21:19,2
21:29,4
21:39,4
21:49,1
21:59,1
07:09,0
07:19,3
07:29,5
07:39,1
07:49,2
07:59,0
08:09,0
08:19,6
08:29,3
08:39,4
08:49,5
08:59,4
09:09,3
09:19,7
09:29,7
09:39,6
09:49,9
09:59,2
10:09,9
10:19,7
10:29,5
10:39,13
10:49,10
10:59,8
11:09,9
11:19,14
11:29,21
11:39,12
11:49,12
11:59,14
12:09,19
12:19,22
12:29,14
12:39,30
12:49,21
12:59,25
13:09,12
13:19,15
13:29,24
13:39,21
13:49,17
13:59,19
14:09,13
14:19,19
14:29,8
14:39,16
14:49,18
14:59,19
15:09,9
15:19,8
15:29,10
15:39,10
15:49,6
15:59,10
16:09,10
16:19,4
16:29,9
16:39,7
16:49,13
16:59,6
17:09,13
17:19,16
17:29,18
17:39,18
17:49,13
17:59,12
18:09,17
18:19,23
18:29,22
18:39,16
18:49,27
18:59,21
19:09,26
19:19,16
19:29,20
19:39,13
19:49,19
19:59,14
20:09,11
20:19,4
20:29,6
20:39,9
20:49,3
20:59,8
21:09,4
21:19,1
21:29,0
21:39,2
21:49,4
21:59,0
07:09,0
07:19,4
07:29,2
07:39,1
07:49,1
07:59,4
08:09,0
08:19,2
08:29,5
08:39,1
08:49,3
08:59,1
09:09,7
09:19,1
09:29,9
09:39,4
09:49,6
09:59,9
10:09,5
10:19,5
10:29,6
10:39,6
10:49,7
10:59,4
11:09,10
11:19,18
11:29,17
11:39,16
11:49,22
11:59,16
12:09,14
12:19,22
12:29,31
12:39,25
12:49,19
12:59,21
13:09,26
13:19,18
13:29,26
13:39,20
13:49,16
13:59,15
14:09,12
14:19,13
14:29,17
14:39,14
14:49,7
14:59,17
15:09,10
15:19,7
15:29,9
15:39,13
15:49,8
15:59,14
16:09,8
16:19,8
16:29,5
16:39,6
16:49,10
16:59,8
17:09,12
17:19,23
17:29,24
17:39,22
17:49,9
17:59,16
18:09,18
18:19,21
18:29,15
18:39,19
18:49,17
18:59,25
19:09,10
19:19,19
19:29,10
19:39,14
19:49,16
19:59,19
20:09,18
20:19,12
20:29,9
20:39,10
20:49,7
20:59,8
21:09,5
21:19,3
21:29,2
21:39,2
21:49,5
21:59,4
07:09,0
07:19,1
07:29,0
07:39,6
07:49,2
07:59,2
08:09,4
08:19,5
08:29,3
08:39,11
08:49,5
08:59,5
09:09,5
09:19,6
09:29,5
09:39,4
09:49,3
09:59,4
10:09,8
10:19,5
10:29,7
10:39,7
10:49,5
10:59,9
11:09,4
11:19,13
11:29,18
11:39,21
11:49,13
11:59,11
12:09,25
12:19,23
12:29,23
12:39,20
12:49,22
12:59,17
13:09,9
13:19,13
13:29,21
13:39,10
13:49,19
13:59,25
14:09,23
14:19,13
14:29,7
14:39,15
14:49,19
14:59,16
15:09,18
15:19,10
15:29,8
15:39,7
15:49,14
15:59,10
16:09,8
16:19,10
16:29,10
16:39,10
16:49,8
16:59,7
17:09,4
17:19,9
17:29,18
17:39,20
17:49,13
17:59,15
18:09,10
18:19,16
18:29,25
18:39,10
18:49,18
18:59,18
19:09,18
19:19,9
19:29,20
19:39,24
19:49,12
19:59,13
20:09,8
20:19,4
20:29,4
20:39,7
20:49,5
20:59,4
21:09,9
21:19,5
21:29,5
21:39,1
21:49,1
21:59,5
07:09,0
07:19,4
07:29,4
07:39,7
07:49,1
07:59,2
08:09,3
08:19,7
08:29,6
08:39,3
08:49,4
08:59,11
09:09,4
09:19,5
09:29,6
09:39,4
09:49,5
09:59,5
10:09,4
10:19,5
10:29,14
10:39,8
10:49,6
10:59,6
11:09,14
11:19,12
11:29,12
11:39,22
11:49,19
11:59,11
12:09,16
12:19,15
12:29,20
12:39,16
12:49,19
12:59,15
13:09,28
13:19,21
13:29,12
13:39,19
13:49,17
13:59,22
14:09,23
14:19,9
14:29,8
14:39,17
14:49,16
14:59,15
15:09,18
15:19,11
15:29,6
15:39,12
15:49,11
15:59,13
16:09,7
16:19,5
16:29,7
16:39,7
16:49,8
16:59,9
17:09,5
17:19,18
17:29,16
17:39,17
17:49,19
17:59,19
18:09,20
18:19,20
18:29,28
18:39,19
18:49,23
18:59,19
19:09,14
19:19,14
19:29,20
19:39,19
19:49,17
19:59,19
20:09,21
20:19,7
20:29,9
20:39,9
20:49,12
20:59,5
21:09,3
21:19,8
21:29,2
21:39,0
21:49,4
21:59,1
07:09,0
07:19,0
07:29,1
07:39,3
07:49,2
07:59,2
08:09,2
08:19,5
08:29,6
08:39,2
08:49,4
08:59,8
09:09,5
09:19,6
09:29,3
09:39,4
09:49,6
09:59,2
10:09,6
10:19,9
10:29,9
10:39,14
10:49,13
10:59,8
11:09,4
11:19,14
11:29,24
11:39,22
11:49,25
11:59,18
12:09,16
12:19,29
12:29,29
12:39,21
12:49,24
12:59,19
13:09,29
13:19,20
13:29,18
13:39,21
13:49,16
13:59,20
14:09,20
14:19,19
14:29,16
14:39,16
14:49,17
14:59,20
15:09,20
15:19,8
15:29,14
15:39,9
15:49,16
15:59,12
16:09,13
16:19,2
16:29,15
16:39,6
16:49,6
16:59,7
17:09,5
17:19,8
17:29,10
17:39,18
17:49,20
17:59,19
18:09,16
18:19,26
18:29,18
18:39,16
18:49,16
18:59,19
19:09,21
19:19,28
19:29,14
19:39,22
19:49,21
19:59,16
20:09,15
20:19,8
20:29,6
20:39,12
20:49,9
20:59,9
21:09,5
21:19,6
21:29,2
21:39,4
21:49,3
21:59,1
07:09,0
07:19,0
07:29,1
07:39,3
07:49,5
07:59,2
08:09,3
08:19,7
08:29,7
08:39,5
08:49,2
08:59,8
09:09,4
09:19,10
09:29,4
09:39,8
09:49,7
09:59,6
10:09,4
10:19,8
10:29,9
10:39,7
10:49,10
10:59,7
11:09,8
11:19,21
11:29,18
11:39,23
11:49,23
11:59,16
12:09,21
12:19,19
12:29,23
12:39,17
12:49,21
12:59,24
13:09,23
13:19,21
13:29,11
13:39,21
13:49,17
13:59,19
14:09,19
14:19,19
14:29,21
14:39,16
14:49,20
14:59,12
15:09,8
15:19,14
15:29,9
15:39,12
15:49,9
15:59,8
16:09,10
16:19,8
16:29,11
16:39,13
16:49,4
16:59,6
17:09,12
17:19,12
17:29,12
17:39,14
17:49,18
17:59,8
18:09,17
18:19,14
18:29,21
18:39,19
18:49,19
18:59,17
19:09,16
19:19,21
19:29,15
19:39,22
19:49,18
19:59,18
20:09,27
20:19,6
20:29,10
20:39,12
20:49,7
20:59,9
21:09,7
21:19,2
21:29,2
21:39,2
21:49,5
21:59,6
07:09,0
07:19,2
07:29,2
07:39,5
07:49,5
07:59,5
08:09,8
08:19,5
08:29,6
08:39,5
08:49,6
08:59,1
09:09,1
09:19,9
09:29,6
09:39,6
09:49,6
09:59,7
10:09,5
10:19,8
10:29,8
10:39,7
10:49,14
10:59,11
11:09,11
11:19,13
11:29,18
11:39,19
11:49,28
11:59,18
12:09,16
12:19,28
12:29,20
12:39,17
12:49,23
12:59,28
13:09,31
13:19,16
13:29,15
13:39,14
13:49,20
13:59,23
14:09,18
14:19,22
14:29,11
14:39,16
14:49,8
14:59,15
15:09,11
15:19,7
15:29,6
15:39,10
15:49,6
15:59,11
16:09,12
16:19,8
16:29,12
16:39,7
16:49,6
16:59,7
17:09,11
17:19,14
17:29,15
17:39,15
17:49,8
17:59,17
18:09,19
18:19,13
18:29,11
18:39,18
18:49,17
18:59,17
19:09,23
19:19,15
19:29,14
19:39,22
19:49,19
19:59,8
20:09,28
20:19,7
20:29,13
20:39,10
20:49,9
20:59,2
21:09,7
21:19,3
21:29,2
21:39,6
21:49,3
21:59,2
07:09,0
07:19,2
07:29,1
07:39,6
07:49,5
07:59,1
08:09,3
08:19,1
08:29,9
08:39,3
08:49,4
08:59,3
09:09,5
09:19,3
09:29,6
09:39,3
09:49,9
09:59,2
10:09,9
10:19,2
10:29,11
10:39,14
10:49,6
10:59,15
11:09,10
11:19,22
11:29,16
11:39,18
11:49,17
11:59,12
12:09,15
12:19,16
12:29,23
12:39,21
12:49,22
12:59,32
13:09,24
13:19,18
13:29,15
13:39,15
13:49,17
13:59,16
14:09,13
14:19,18
14:29,11
14:39,10
14:49,18
14:59,23
15:09,14
15:19,12
15:29,11
15:39,8
15:49,8
15:59,5
16:09,10
16:19,11
16:29,10
16:39,15
16:49,4
16:59,9
17:09,9
17:19,23
17:29,10
17:39,9
17:49,17
17:59,13
18:09,15
18:19,13
18:29,22
18:39,22
18:49,19
18:59,22
19:09,19
19:19,24
19:29,13
19:39,14
19:49,21
19:59,20
20:09,19
20:19,10
20:29,11
20:39,7
20:49,10
20:59,9
21:09,4
21:19,3
21:29,3
21:39,2
21:49,1
21:59,3
07:09,0
07:19,0
07:29,3
07:39,1
07:49,1
07:59,2
08:09,1
08:19,9
08:29,10
08:39,4
08:49,4
08:59,10
09:09,1
09:19,6
09:29,5
09:39,1
09:49,9
09:59,8
10:09,4
10:19,5
10:29,3
10:39,5
10:49,7
10:59,7
11:09,13
11:19,13
11:29,10
11:39,26
11:49,18
11:59,26
12:09,17
12:19,26
12:29,21
12:39,24
12:49,20
12:59,26
13:09,21
13:19,16
13:29,16
13:39,16
13:49,20
13:59,14
14:09,12
14:19,19
14:29,12
14:39,11
14:49,12
14:59,13
15:09,14
15:19,6
15:29,10
15:39,6
15:49,12
15:59,13
16:09,9
16:19,9
16:29,2
16:39,13
16:49,15
16:59,7
17:09,11
17:19,19
17:29,17
17:39,14
17:49,15
17:59,12
18:09,26
18:19,18
18:29,17
18:39,16
18:49,15
18:59,19
19:09,16
19:19,20
19:29,18
19:39,28
19:49,21
19:59,29
20:09,16
20:19,10
20:29,9
20:39,8
20:49,9
20:59,8
21:09,7
21:19,4
21:29,3
21:39,0
21:49,4
21:59,3
07:09,0
07:19,1
07:29,2
07:39,1
07:49,2
07:59,2
08:09,3
08:19,4
08:29,8
08:39,4
08:49,3
08:59,2
09:09,7
09:19,9
09:29,5
09:39,4
09:49,7
09:59,6
10:09,8
10:19,6
10:29,5
10:39,11
10:49,4
10:59,6
11:09,7
11:19,19
11:29,15
11:39,19
11:49,18
11:59,22
12:09,15
12:19,22
12:29,19
12:39,19
12:49,22
12:59,13
13:09,18
13:19,17
13:29,21
13:39,13
13:49,18
13:59,16
14:09,17
14:19,22
14:29,14
14:39,17
14:49,19
14:59,18
15:09,11
15:19,8
15:29,3
15:39,12
15:49,10
15:59,12
16:09,11
16:19,6
16:29,6
16:39,8
16:49,8
16:59,7
17:09,6
17:19,17
17:29,19
17:39,21
17:49,9
17:59,12
18:09,22
18:19,28
18:29,16
18:39,20
18:49,27
18:59,14
19:09,21
19:19,17
19:29,10
19:39,21
19:49,21
19:59,17
20:09,17
20:19,18
20:29,11
20:39,10
20:49,15
20:59,5
21:09,7
21:19,2
21:29,4
21:39,4
21:49,1
21:59,1
07:09,0
07:19,3
07:29,5
07:39,1
07:49,2
07:59,0
08:09,0
08:19,6
08:29,3
08:39,4
08:49,5
08:59,4
09:09,3
09:19,7
09:29,7
09:39,6
09:49,9
09:59,2
10:09,9
10:19,7
10:29,5
10:39,13
10:49,10
10:59,8
11:09,9
11:19,14
11:29,21
11:39,12
11:49,12
11:59,14
12:09,19
12:19,22
12:29,14
12:39,30
12:49,21
12:59,25
13:09,12
13:19,15
13:29,24
13:39,21
13:49,17
13:59,19
14:09,13
14:19,19
14:29,8
14:39,16
14:49,18
14:59,19
15:09,9
15:19,8
15:29,10
15:39,10
15:49,6
15:59,10
16:09,10
16:19,4
16:29,9
16:39,7
16:49,13
16:59,6
17:09,13
17:19,16
17:29,18
17:39,18
17:49,13
17:59,12
18:09,17
18:19,23
18:29,22
18:39,16
18:49,27
18:59,21
19:09,26
19:19,16
19:29,20
19:39,13
19:49,19
19:59,14
20:09,11
20:19,4
20:29,6
20:39,9
20:49,3
20:59,8
21:09,4
21:19,1
21:29,0
21:39,2
21:49,4
21:59,0
07:09,0
07:19,4
07:29,2
07:39,1
07:49,1
07:59,4
08:09,0
08:19,2
08:29,5
08:39,1
08:49,3
08:59,1
09:09,7
09:19,1
09:29,9
09:39,4
09:49,6
09:59,9
10:09,5
10:19,5
10:29,6
10:39,6
10:49,7
10:59,4
11:09,10
11:19,18
11:29,17
11:39,16
11:49,22
11:59,16
12:09,14
12:19,22
12:29,31
12:39,25
12:49,19
12:59,21
13:09,26
13:19,18
13:29,26
13:39,20
13:49,16
13:59,15
14:09,12
14:19,13
14:29,17
14:39,14
14:49,7
14:59,17
15:09,10
15:19,7
15:29,9
15:39,13
15:49,8
15:59,14
16:09,8
16:19,8
16:29,5
16:39,6
16:49,10
16:59,8
17:09,12
17:19,23
17:29,24
17:39,22
17:49,9
17:59,16
18:09,18
18:19,21
18:29,15
18:39,19
18:49,17
18:59,25
19:09,10
19:19,19
19:29,10
19:39,14
19:49,16
19:59,19
20:09,18
20:19,12
20:29,9
20:39,10
20:49,7
20:59,8
21:09,5
21:19,3
21:29,2
21:39,2
21:49,5
21:59,4
07:09,0
07:19,1
07:29,0
07:39,6
07:49,2
07:59,2
08:09,4
08:19,5
08:29,3
08:39,11
08:49,5
08:59,5
09:09,5
09:19,6
09:29,5
09:39,4
09:49,3
09:59,4
10:09,8
10:19,5
10:29,7
10:39,7
10:49,5
10:59,9
11:09,4
11:19,13
11:29,18
11:39,21
11:49,13
11:59,11
12:09,25
12:19,23
12:29,23
12:39,20
12:49,22
12:59,17
13:09,9
13:19,13
13:29,21
13:39,10
13:49,19
13:59,25
14:09,23
14:19,13
14:29,7
14:39,15
14:49,19
14:59,16
15:09,18
15:19,10
15:29,8
15:39,7
15:49,14
15:59,10
16:09,8
16:19,10
16:29,10
16:39,10
16:49,8
16:59,7
17:09,4
17:19,9
17:29,18
17:39,20
17:49,13
17:59,15
18:09,10
18:19,16
18:29,25
18:39,10
18:49,18
18:59,18
19:09,18
19:19,9
19:29,20
19:39,24
19:49,12
19:59,13
20:09,8
20:19,4
20:29,4
20:39,7
20:49,5
20:59,4
21:09,9
21:19,5
21:29,5
21:39,1
21:49,1
21:59,5
07:09,0
07:19,4
07:29,4
07:39,7
07:49,1
07:59,2
08:09,3
08:19,7
08:29,6
08:39,3
08:49,4
08:59,11
09:09,4
09:19,5
09:29,6
09:39,4
09:49,5
09:59,5
10:09,4
10:19,5
10:29,14
10:39,8
10:49,6
10:59,6
11:09,14
11:19,12
11:29,12
11:39,22
11:49,19
11:59,11
12:09,16
12:19,15
12:29,20
12:39,16
12:49,19
12:59,15
13:09,28
13:19,21
13:29,12
13:39,19
13:49,17
13:59,22
14:09,23
14:19,9
14:29,8
14:39,17
14:49,16
14:59,15
15:09,18
15:19,11
15:29,6
15:39,12
15:49,11
15:59,13
16:09,7
16:19,5
16:29,7
16:39,7
16:49,8
16:59,9
17:09,5
17:19,18
17:29,16
17:39,17
17:49,19
17:59,19
18:09,20
18:19,20
18:29,28
18:39,19
18:49,23
18:59,19
19:09,14
19:19,14
19:29,20
19:39,19
19:49,17
19:59,19
20:09,21
20:19,7
20:29,9
20:39,9
20:49,12
20:59,5
21:09,3
21:19,8
21:29,2
21:39,0
21:49,4
21:59,1
07:09,0
07:19,0
07:29,1
07:39,3
07:49,2
07:59,2
08:09,2
08:19,5
08:29,6
08:39,2
08:49,4
08:59,8
09:09,5
09:19,6
09:29,3
09:39,4
09:49,6
09:59,2
10:09,6
10:19,9
10:29,9
10:39,14
10:49,13
10:59,8
11:09,4
11:19,14
11:29,24
11:39,22
11:49,25
11:59,18
12:09,16
12:19,29
12:29,29
12:39,21
12:49,24
12:59,19
13:09,29
13:19,20
13:29,18
13:39,21
13:49,16
13:59,20
14:09,20
14:19,19
14:29,16
14:39,16
14:49,17
14:59,20
15:09,20
15:19,8
15:29,14
15:39,9
15:49,16
15:59,12
16:09,13
16:19,2
16:29,15
16:39,6
16:49,6
16:59,7
17:09,5
17:19,8
17:29,10
17:39,18
17:49,20
17:59,19
18:09,16
18:19,26
18:29,18
18:39,16
18:49,16
18:59,19
19:09,21
19:19,28
19:29,14
19:39,22
19:49,21
19:59,16
20:09,15
20:19,8
20:29,6
20:39,12
20:49,9
20:59,9
21:09,5
21:19,6
21:29,2
21:39,4
21:49,3
21:59,1
07:09,0
07:19,0
07:29,1
07:39,3
07:49,5
07:59,2
08:09,3
08:19,7
08:29,7
08:39,5
08:49,2
08:59,8
09:09,4
09:19,10
09:29,4
09:39,8
09:49,7
09:59,6
10:09,4
10:19,8
10:29,9
10:39,7
10:49,10
10:59,7
11:09,8
11:19,21
11:29,18
11:39,23
11:49,23
11:59,16
12:09,21
12:19,19
12:29,23
12:39,17
12:49,21
12:59,24
13:09,23
13:19,21
13:29,11
13:39,21
13:49,17
13:59,19
14:09,19
14:19,19
14:29,21
14:39,16
14:49,20
14:59,12
15:09,8
15:19,14
15:29,9
15:39,12
15:49,9
15:59,8
16:09,10
16:19,8
16:29,11
16:39,13
16:49,4
16:59,6
17:09,12
17:19,12
17:29,12
17:39,14
17:49,18
17:59,8
18:09,17
18:19,14
18:29,21
18:39,19
18:49,19
18:59,17
19:09,16
19:19,21
19:29,15
19:39,22
19:49,18
19:59,18
20:09,27
20:19,6
20:29,10
20:39,12
20:49,7
20:59,9
21:09,7
21:19,2
21:29,2
21:39,2
21:49,5
21:59,6
07:09,0
07:19,2
07:29,2
07:39,5
07:49,5
07:59,5
08:09,8
08:19,5
08:29,6
08:39,5
08:49,6
08:59,1
09:09,1
09:19,9
09:29,6
09:39,6
09:49,6
09:59,7
10:09,5
10:19,8
10:29,8
10:39,7
10:49,14
10:59,11
11:09,11
11:19,13
11:29,18
11:39,19
11:49,28
11:59,18
12:09,16
12:19,28
12:29,20
12:39,17
12:49,23
12:59,28
13:09,31
13:19,16
13:29,15
13:39,14
13:49,20
13:59,23
14:09,18
14:19,22
14:29,11
14:39,16
14:49,8
14:59,15
15:09,11
15:19,7
15:29,6
15:39,10
15:49,6
15:59,11
16:09,12
16:19,8
16:29,12
16:39,7
16:49,6
16:59,7
17:09,11
17:19,14
17:29,15
17:39,15
17:49,8
17:59,17
18:09,19
18:19,13
18:29,11
18:39,18
18:49,17
18:59,17
19:09,23
19:19,15
19:29,14
19:39,22
19:49,19
19:59,8
20:09,28
20:19,7
20:29,13
20:39,10
20:49,9
20:59,2
21:09,7
21:19,3
21:29,2
21:39,6
21:49,3
21:59,2
